Product Name,Price,Image Link
EMBROIDERED SUIT,"PKR 17,990",https://pk.ethnc.com/cdn/shop/files/MTB07557.jpg?v=1776144035&width=207
EMBROIDERED SUIT,"PKR 15,990",https://pk.ethnc.com/cdn/shop/files/E4181-103-315_7.jpg?v=1776143608&width=207
EMBROIDERED SUIT,"PKR 14,990",https://pk.ethnc.com/cdn/shop/files/MTB08113.jpg?v=1776143699&width=207
EMBROIDERED SUIT,"PKR 12,990",https://pk.ethnc.com/cdn/shop/files/E4386-103-902_7.jpg?v=1776143953&width=207
EMBROIDERED SUIT,"PKR 15,990",https://pk.ethnc.com/cdn/shop/files/E4194-103-003_2_628723d2-1b82-4a37-9c25-025303567cb0.jpg?v=1776143648&width=207
EMBROIDERED SUIT,"PKR 14,990",https://pk.ethnc.com/cdn/shop/files/E4422-103-001_5_ec220994-e00c-49b6-ab6d-8a70611d832f.jpg?v=1776144245&width=207
EMBROIDERED SUIT,"PKR 12,990",https://pk.ethnc.com/cdn/shop/files/MTB076872_jpg.jpg?v=1776144107&width=207
EMBROIDERED SUIT,"PKR 19,990",https://pk.ethnc.com/cdn/shop/files/E4389-103-002_10.jpg?v=1776144017&width=207
EMBROIDERED SUIT,"PKR 13,990",https://pk.ethnc.com/cdn/shop/files/E4400-103-006_6.jpg?v=1776144025&width=207
EMBROIDERED SUIT,"PKR 14,990",https://pk.ethnc.com/cdn/shop/files/E4356-103-303_10.jpg?v=1776143945&width=207
EMBROIDERED SUIT,"PKR 15,990",https://pk.ethnc.com/cdn/shop/files/E4304-103-004_8.jpg?v=1776143779&width=207
EMBROIDERED SUIT,"PKR 23,990",https://pk.ethnc.com/cdn/shop/files/E4234-103-602_10.jpg?v=1776143692&width=207
EMBROIDERED SUIT,"PKR 20,990",https://pk.ethnc.com/cdn/shop/files/E4110-103-321_4.jpg?v=1775020826&width=207
EMBROIDERED SUIT,"PKR 19,990",https://pk.ethnc.com/cdn/shop/files/E4086-103-002_4.jpg?v=1775021101&width=207
EMBROIDERED SUIT,"PKR 21,990",https://pk.ethnc.com/cdn/shop/files/E4231-103-318_6.jpg?v=1775021131&width=207
EMBROIDERED SUIT,"PKR 17,990",https://pk.ethnc.com/cdn/shop/files/MTB07557.jpg?v=1776144035&width=1333
EMBROIDERED SUIT,"PKR 15,990",https://pk.ethnc.com/cdn/shop/files/E4181-103-315_7.jpg?v=1776143608&width=1333
EMBROIDERED SUIT,"PKR 14,990",https://pk.ethnc.com/cdn/shop/files/MTB08113.jpg?v=1776143699&width=1333
EMBROIDERED SUIT,"PKR 12,990",https://pk.ethnc.com/cdn/shop/files/E4386-103-902_7.jpg?v=1776143953&width=1333
EMBROIDERED SUIT,"PKR 15,990",https://pk.ethnc.com/cdn/shop/files/E4194-103-003_2_628723d2-1b82-4a37-9c25-025303567cb0.jpg?v=1776143648&width=1333
EMBROIDERED SUIT,"PKR 14,990",https://pk.ethnc.com/cdn/shop/files/E4422-103-001_5_ec220994-e00c-49b6-ab6d-8a70611d832f.jpg?v=1776144245&width=1333
EMBROIDERED SUIT,"PKR 12,990",https://pk.ethnc.com/cdn/shop/files/MTB076872_jpg.jpg?v=1776144107&width=1333
EMBROIDERED SUIT,"PKR 19,990",https://pk.ethnc.com/cdn/shop/files/E4389-103-002_10.jpg?v=1776144017&width=1333
EMBROIDERED SUIT,"PKR 13,990",https://pk.ethnc.com/cdn/shop/files/E4400-103-006_6.jpg?v=1776144025&width=1333
EMBROIDERED SUIT,"PKR 14,990",https://pk.ethnc.com/cdn/shop/files/E4356-103-303_10.jpg?v=1776143945&width=1333
EMBROIDERED SUIT,"PKR 15,990",https://pk.ethnc.com/cdn/shop/files/E4304-103-004_8.jpg?v=1776143779&width=1333
EMBROIDERED SUIT,"PKR 23,990",https://pk.ethnc.com/cdn/shop/files/E4234-103-602_10.jpg?v=1776143692&width=1333
EMBROIDERED SUIT,"PKR 20,990",https://pk.ethnc.com/cdn/shop/files/E4110-103-321_4.jpg?v=1775020826&width=1333
EMBROIDERED SUIT,"PKR 19,990",https://pk.ethnc.com/cdn/shop/files/E4086-103-002_4.jpg?v=1775021101&width=1333
EMBROIDERED SUIT,"PKR 21,990",https://pk.ethnc.com/cdn/shop/files/E4231-103-318_6.jpg?v=1775021131&width=1333
EMBROIDERED SUIT,"PKR 16,990",https://pk.ethnc.com/cdn/shop/files/E4125-103-516_2.jpg?v=1775021112&width=1333
EMBROIDERED SUIT,"PKR 15,990",https://pk.ethnc.com/cdn/shop/files/E4305-103-502_5.jpg?v=1775021197&width=1333
EMBROIDERED SUIT,"PKR 19,990",https://pk.ethnc.com/cdn/shop/files/E4294-103-619_1.jpg?v=1775021158&width=1333
EMBROIDERED SUIT,"PKR 15,990",https://pk.ethnc.com/cdn/shop/files/E4297-103-704_3.jpg?v=1775021179&width=1333
EMBROIDERED SUIT,"PKR 15,990",https://pk.ethnc.com/cdn/shop/files/E4383-103-802_5.jpg?v=1775021279&width=1333
EMBROIDERED SUIT,"PKR 20,990",https://pk.ethnc.com/cdn/shop/files/E4379-103-305_2.jpg?v=1775021268&width=1333
EMBROIDERED KAFTAN,"PKR 14,990",https://pk.ethnc.com/cdn/shop/files/E4390-103-619_4.jpg?v=1775021319&width=1333
EMBROIDERED SUIT,"PKR 16,990",https://pk.ethnc.com/cdn/shop/files/E4359-103-120_6_5383a29e-6be9-4562-98d1-aee6072e8cbf.jpg?v=1775819508&width=1333
EMBROIDERED SUIT,"PKR 14,990",https://pk.ethnc.com/cdn/shop/files/E4413-103-115_6.jpg?v=1775644900&width=1333
EMBROIDERED SUIT,"PKR 12,990",https://pk.ethnc.com/cdn/shop/files/E4384-103-901_2.jpg?v=1775644889&width=1333
EMBROIDERED SUIT,"PKR 14,990",https://pk.ethnc.com/cdn/shop/files/E4376-103-620_1.jpg?v=1775644880&width=1333
EMBROIDERED SUIT,"PKR 14,990",https://pk.ethnc.com/cdn/shop/files/E4371-103-317_2.jpg?v=1775644869&width=1333
EMBROIDERED SUIT,"PKR 15,990",https://pk.ethnc.com/cdn/shop/files/E4351-103-003_6.jpg?v=1775644839&width=1333
EMBROIDERED SUIT,"PKR 14,990",https://pk.ethnc.com/cdn/shop/files/E4341-103-605_6.jpg?v=1775644821&width=1333
PRINTED SUIT,"PKR 19,990",https://pk.ethnc.com/cdn/shop/files/E4325-103-005_3.jpg?v=1775644771&width=1333
EMBROIDERED SUIT,"PKR 14,990",https://pk.ethnc.com/cdn/shop/files/E4317-103-509_1.jpg?v=1775644463&width=1333
EMBROIDERED KAFTAN,"PKR 14,990",https://pk.ethnc.com/cdn/shop/files/E4313-103-210_1.jpg?v=1775644452&width=1333
EMBROIDERED KAFTAN,"PKR 13,990",https://pk.ethnc.com/cdn/shop/files/E4471-103-418_6.jpg?v=1774433953&width=1333
EMBROIDERED SUIT,"PKR 14,990",https://pk.ethnc.com/cdn/shop/files/E4263-103-001_6.jpg?v=1774504790&width=1333
EMBROIDERED SUIT,"PKR 15,990",https://pk.ethnc.com/cdn/shop/files/E4380-103-902_6.jpg?v=1774342563&width=1333
EMBROIDERED SUIT,"PKR 12,990",https://pk.ethnc.com/cdn/shop/files/E4368-103-304_1.jpg?v=1774342539&width=1333
